{"cameraMode":{"drawMode":0,"name":"Shaded","section":"Shading Mode"},"sceneLighting":false,"audioPlay":false,"sceneViewState":{"showFog":true,"showMaterialUpdate":false,"showSkybox":true,"showFlares":true,"showImageEffects":true,"showParticleSystems":true},"in2DMode":false,"pivot":{"x":-0.04646676778793335,"y":-0.28853142261505129,"z":-0.05927407741546631},"rotation":{"x":-0.005224759224802256,"y":0.9751169681549072,"z":-0.22042104601860047,"w":-0.02311370149254799},"size":1.184350848197937,"orthographic":false}