{"cameraMode":{"drawMode":0,"name":"Shaded","section":"Shading Mode"},"sceneLighting":false,"audioPlay":false,"sceneViewState":{"showFog":true,"showMaterialUpdate":false,"showSkybox":true,"showFlares":true,"showImageEffects":true,"showParticleSystems":true},"in2DMode":false,"pivot":{"x":2.9680519104003908,"y":1.3376346826553345,"z":-0.26299577951431277},"rotation":{"x":-0.09515915811061859,"y":-0.7859590649604797,"z":0.1250707507133484,"w":-0.5979793071746826},"size":4.745823860168457,"orthographic":false}