{"cameraMode":{"drawMode":0,"name":"Shaded","section":"Shading Mode"},"sceneLighting":false,"audioPlay":false,"sceneViewState":{"showFog":true,"showMaterialUpdate":false,"showSkybox":true,"showFlares":true,"showImageEffects":true,"showParticleSystems":true},"in2DMode":false,"pivot":{"x":4.135987281799316,"y":1.292785882949829,"z":0.35932841897010805},"rotation":{"x":-0.06001872569322586,"y":-0.7615856528282166,"z":0.07126863300800324,"w":-0.6413377523422241},"size":1.9170293807983399,"orthographic":false}