{"cameraMode":{"drawMode":0,"name":"Shaded","section":"Shading Mode"},"sceneLighting":false,"audioPlay":false,"sceneViewState":{"showFog":true,"showMaterialUpdate":false,"showSkybox":true,"showFlares":true,"showImageEffects":true,"showParticleSystems":true},"in2DMode":false,"pivot":{"x":383.4999694824219,"y":248.0,"z":0.23707103729248048},"rotation":{"x":-0.09515915811061859,"y":-0.7859590649604797,"z":0.1250707507133484,"w":-0.5979793071746826},"size":1507.1168212890625,"orthographic":false}