{"cameraMode":{"drawMode":0,"name":"Shaded","section":"Shading Mode"},"sceneLighting":false,"audioPlay":false,"sceneViewState":{"showFog":true,"showMaterialUpdate":false,"showSkybox":true,"showFlares":true,"showImageEffects":true,"showParticleSystems":true},"in2DMode":false,"pivot":{"x":0.012534558773040772,"y":0.0,"z":5.587935447692871e-9},"rotation":{"x":-0.11626464873552323,"y":0.7152935862541199,"z":-0.1226448193192482,"w":-0.6780829429626465},"size":1.184350848197937,"orthographic":false}