{"cameraMode":{"drawMode":0,"name":"Shaded","section":"Shading Mode"},"sceneLighting":true,"audioPlay":false,"sceneViewState":{"showFog":false,"showMaterialUpdate":true,"showSkybox":true,"showFlares":true,"showImageEffects":true,"showParticleSystems":true},"in2DMode":false,"pivot":{"x":1.1613974571228028,"y":0.7303497791290283,"z":0.9458799362182617},"rotation":{"x":0.018437547609210016,"y":-0.9722690582275391,"z":0.21824418008327485,"w":0.08214755356311798},"size":4.94003963470459,"orthographic":false}